ID,Value,ProcessedValue
1,100.5,116.11412952008193
2,200.3,228.40912692506936
3,150.2,145.67247342312896
4,400.6,368.33934058263856
5,300.1,323.6037861862965
6,250.4,269.0677424342263
7,350.7,330.41459206532227
8,450.9,373.16471711926965
9,500.0,557.4023992014428
10,600.8,502.6334093662259
